{
    "object_push_pos": [
        0.29801969770400427,
        -0.013128286990498103,
        0.047404547875011666
    ],
    "object_push_dir": [
        -0.9712309606260345,
        0.2237862917462068,
        0.08142552884637536
    ],
    "tool_pos": [
        0.25590379819052705,
        0.004682899084040198,
        0.05885628748397461
    ],
    "tool_quat_wxyz": [
        0.7751186059393194,
        0.05582062242668123,
        0.01332273726031595,
        0.6292040285237189
    ],
    "tool_point_pos": [
        0.32230047171965515,
        -0.01872294428415327,
        0.045368909653852284
    ],
    "tool_point_normal": [
        -0.9712309606260348,
        0.2237862917462068,
        0.08142552884637544
    ],
    "prepush_distance": 0.025,
    "push_distance": 0.3
}